"country","iso3c","year","status","lastupdated","population","gdp_per_capita_ppp","life_expectancy","youth_unemployment","internet_use","region","capital","longitude","latitude","income","lending"
"Brazil","BRA",2000,NA,"2026-07-13",174018282,14005.3471874231,69.584,20.327,2.87068515854108,"Latin America & Caribbean","Brasilia",-47.9292,-15.7801,"Upper middle income","IBRD"
"Brazil","BRA",2001,NA,"2026-07-13",176301203,14016.1313772236,69.98,20.019,4.52849486902851,"Latin America & Caribbean","Brasilia",-47.9292,-15.7801,"Upper middle income","IBRD"
"Brazil","BRA",2002,NA,"2026-07-13",178503484,14265.9048770292,70.396,20.603,9.14942508560748,"Latin America & Caribbean","Brasilia",-47.9292,-15.7801,"Upper middle income","IBRD"
"Brazil","BRA",2003,NA,"2026-07-13",180622688,14259.3664089322,70.884,21.382,13.2075861035303,"Latin America & Caribbean","Brasilia",-47.9292,-15.7801,"Upper middle income","IBRD"
"Brazil","BRA",2004,NA,"2026-07-13",182675143,14911.2609608592,71.361,20.034,19.073672274442,"Latin America & Caribbean","Brasilia",-47.9292,-15.7801,"Upper middle income","IBRD"
"Brazil","BRA",2005,NA,"2026-07-13",184688101,15221.0138281541,71.832,21.399,21.022747248827,"Latin America & Caribbean","Brasilia",-47.9292,-15.7801,"Upper middle income","IBRD"
"Brazil","BRA",2006,NA,"2026-07-13",186653106,15657.4795716983,72.296,19.883,28.17840004,"Latin America & Caribbean","Brasilia",-47.9292,-15.7801,"Upper middle income","IBRD"
"Brazil","BRA",2007,NA,"2026-07-13",188552320,16440.583740032,72.73,18.795,30.87999916,"Latin America & Caribbean","Brasilia",-47.9292,-15.7801,"Upper middle income","IBRD"
"Brazil","BRA",2008,NA,"2026-07-13",190367302,17113.3679822643,73.111,17.556,33.83,"Latin America & Caribbean","Brasilia",-47.9292,-15.7801,"Upper middle income","IBRD"
"Brazil","BRA",2009,NA,"2026-07-13",192079951,16939.4407810328,73.457,19.774,39.22,"Latin America & Caribbean","Brasilia",-47.9292,-15.7801,"Upper middle income","IBRD"
"Brazil","BRA",2010,NA,"2026-07-13",193701929,18062.1581103659,73.779,18.239,40.65,"Latin America & Caribbean","Brasilia",-47.9292,-15.7801,"Upper middle income","IBRD"
"Brazil","BRA",2011,NA,"2026-07-13",195284734,18627.8104529397,74.047,16.928,45.69,"Latin America & Caribbean","Brasilia",-47.9292,-15.7801,"Upper middle income","IBRD"
"Brazil","BRA",2012,NA,"2026-07-13",196876111,18832.2195527075,74.335,15.854,48.56,"Latin America & Caribbean","Brasilia",-47.9292,-15.7801,"Upper middle income","IBRD"
"Brazil","BRA",2013,NA,"2026-07-13",198478299,19241.5059815726,74.609,15.7,51.04,"Latin America & Caribbean","Brasilia",-47.9292,-15.7801,"Upper middle income","IBRD"
"Brazil","BRA",2014,NA,"2026-07-13",200085127,19183.172744636,74.823,15.496,54.5510018796392,"Latin America & Caribbean","Brasilia",-47.9292,-15.7801,"Upper middle income","IBRD"
"Brazil","BRA",2015,NA,"2026-07-13",201675532,18357.0690617991,75.106,19.493,58.3279517340924,"Latin America & Caribbean","Brasilia",-47.9292,-15.7801,"Upper middle income","IBRD"
"Brazil","BRA",2016,NA,"2026-07-13",203218114,17620.9272434136,75.081,26.596,60.8725400681261,"Latin America & Caribbean","Brasilia",-47.9292,-15.7801,"Upper middle income","IBRD"
"Brazil","BRA",2017,NA,"2026-07-13",204703445,17724.4799577784,75.383,28.593,67.4712845236305,"Latin America & Caribbean","Brasilia",-47.9292,-15.7801,"Upper middle income","IBRD"
"Brazil","BRA",2018,NA,"2026-07-13",206107261,17917.7492123359,75.633,27.958,70.4342825404361,"Latin America & Caribbean","Brasilia",-47.9292,-15.7801,"Upper middle income","IBRD"
"Brazil","BRA",2019,NA,"2026-07-13",207455459,18018.6209151518,75.809,27.098,73.9124399133589,"Latin America & Caribbean","Brasilia",-47.9292,-15.7801,"Upper middle income","IBRD"
"Brazil","BRA",2020,NA,"2026-07-13",208660842,17327.5157249466,74.506,30.267,81.34269353,"Latin America & Caribbean","Brasilia",-47.9292,-15.7801,"Upper middle income","IBRD"
"China","CHN",2000,NA,"2026-07-13",1262645000,4065.86707804429,72.288,6.84,1.77591320677415,"East Asia & Pacific","Beijing",116.286,40.0495,"Upper middle income","IBRD"
"China","CHN",2001,NA,"2026-07-13",1271850000,4372.43560608339,72.675,7.994,2.63965021485872,"East Asia & Pacific","Beijing",116.286,40.0495,"Upper middle income","IBRD"
"China","CHN",2002,NA,"2026-07-13",1280400000,4744.38182475307,73.034,8.919,4.59570433077551,"East Asia & Pacific","Beijing",116.286,40.0495,"Upper middle income","IBRD"
"China","CHN",2003,NA,"2026-07-13",1288400000,5191.78118308167,73.385,9.624,6.2,"East Asia & Pacific","Beijing",116.286,40.0495,"Upper middle income","IBRD"
"China","CHN",2004,NA,"2026-07-13",1296075000,5684.3881718733,73.727,9.433,7.3,"East Asia & Pacific","Beijing",116.286,40.0495,"Upper middle income","IBRD"
"China","CHN",2005,NA,"2026-07-13",1303720000,6298.29929808598,74.085,9.495,8.52325700269541,"East Asia & Pacific","Beijing",116.286,40.0495,"Upper middle income","IBRD"
"China","CHN",2006,NA,"2026-07-13",1311020000,7057.11131595304,74.404,9.331,10.5231526193851,"East Asia & Pacific","Beijing",116.286,40.0495,"Upper middle income","IBRD"
"China","CHN",2007,NA,"2026-07-13",1317885000,8013.78375739131,74.789,9.224,16,"East Asia & Pacific","Beijing",116.286,40.0495,"Upper middle income","IBRD"
"China","CHN",2008,NA,"2026-07-13",1324655000,8743.7020031299,74.833,9.803,22.6,"East Asia & Pacific","Beijing",116.286,40.0495,"Upper middle income","IBRD"
"China","CHN",2009,NA,"2026-07-13",1331260000,9518.68128351945,75.317,10.15,28.9,"East Asia & Pacific","Beijing",116.286,40.0495,"Upper middle income","IBRD"
"China","CHN",2010,NA,"2026-07-13",1337705000,10476.1525652407,75.668,9.823,34.3,"East Asia & Pacific","Beijing",116.286,40.0495,"Upper middle income","IBRD"
"China","CHN",2011,NA,"2026-07-13",1345035000,11404.9179835542,75.889,9.976,38.3,"East Asia & Pacific","Beijing",116.286,40.0495,"Upper middle income","IBRD"
"China","CHN",2012,NA,"2026-07-13",1354190000,12217.9343813101,76.2,10.154,42.30009842,"East Asia & Pacific","Beijing",116.286,40.0495,"Upper middle income","IBRD"
"China","CHN",2013,NA,"2026-07-13",1363240000,13080.8787864744,76.452,10.316,45.79999924,"East Asia & Pacific","Beijing",116.286,40.0495,"Upper middle income","IBRD"
"China","CHN",2014,NA,"2026-07-13",1371860000,13968.5187785922,76.714,10.507,47.90000153,"East Asia & Pacific","Beijing",116.286,40.0495,"Upper middle income","IBRD"
"China","CHN",2015,NA,"2026-07-13",1379860000,14857.1088234405,76.975,10.68,50.29999924,"East Asia & Pacific","Beijing",116.286,40.0495,"Upper middle income","IBRD"
"China","CHN",2016,NA,"2026-07-13",1387790000,15772.8372607502,77.214,10.574,53.2,"East Asia & Pacific","Beijing",116.286,40.0495,"Upper middle income","IBRD"
"China","CHN",2017,NA,"2026-07-13",1396215000,16758.0463976858,77.235,10.431,54.3,"East Asia & Pacific","Beijing",116.286,40.0495,"Upper middle income","IBRD"
"China","CHN",2018,NA,"2026-07-13",1402760000,17807.0490552244,77.709,9.674,65.35839844,"East Asia & Pacific","Beijing",116.286,40.0495,"Upper middle income","IBRD"
"China","CHN",2019,NA,"2026-07-13",1407745000,18820.5871645645,77.94,10.681,64.080881297515,"East Asia & Pacific","Beijing",116.286,40.0495,"Upper middle income","IBRD"
"China","CHN",2020,NA,"2026-07-13",1411100000,19215.1012491012,78.019,12.65,70.05275998,"East Asia & Pacific","Beijing",116.286,40.0495,"Upper middle income","IBRD"
"Egypt, Arab Rep.","EGY",2000,NA,"2026-07-13",73083284,9981.62775081593,67.332,24.998,0.641265037504813,"Middle East, North Africa, Afghanistan & Pakistan","Cairo",31.2461,30.0982,"Lower middle income","IBRD"
"Egypt, Arab Rep.","EGY",2001,NA,"2026-07-13",74652029,10117.3331821542,67.612,27.632,0.838945611477604,"Middle East, North Africa, Afghanistan & Pakistan","Cairo",31.2461,30.0982,"Lower middle income","IBRD"
"Egypt, Arab Rep.","EGY",2002,NA,"2026-07-13",76239137,10143.5063456555,67.846,26.4,2.71999971465421,"Middle East, North Africa, Afghanistan & Pakistan","Cairo",31.2461,30.0982,"Lower middle income","IBRD"
"Egypt, Arab Rep.","EGY",2003,NA,"2026-07-13",77853548,10250.376550149,68.045,29.399,4.03788510706701,"Middle East, North Africa, Afghanistan & Pakistan","Cairo",31.2461,30.0982,"Lower middle income","IBRD"
"Egypt, Arab Rep.","EGY",2004,NA,"2026-07-13",79477443,10451.8217511529,68.211,28.348,11.92,"Middle East, North Africa, Afghanistan & Pakistan","Cairo",31.2461,30.0982,"Lower middle income","IBRD"
"Egypt, Arab Rep.","EGY",2005,NA,"2026-07-13",81101004,10700.6090372525,68.355,31.222,12.75,"Middle East, North Africa, Afghanistan & Pakistan","Cairo",31.2461,30.0982,"Lower middle income","IBRD"
"Egypt, Arab Rep.","EGY",2006,NA,"2026-07-13",82700403,11211.8320228671,68.493,30.516,13.66,"Middle East, North Africa, Afghanistan & Pakistan","Cairo",31.2461,30.0982,"Lower middle income","IBRD"
"Egypt, Arab Rep.","EGY",2007,NA,"2026-07-13",84276225,11782.0060717026,68.627,25.076,16.03,"Middle East, North Africa, Afghanistan & Pakistan","Cairo",31.2461,30.0982,"Lower middle income","IBRD"
"Egypt, Arab Rep.","EGY",2008,NA,"2026-07-13",85864789,12391.5847624938,68.761,25.536,18.01,"Middle East, North Africa, Afghanistan & Pakistan","Cairo",31.2461,30.0982,"Lower middle income","IBRD"
"Egypt, Arab Rep.","EGY",2009,NA,"2026-07-13",87501636,12728.0814587564,68.915,25.219,20,"Middle East, North Africa, Afghanistan & Pakistan","Cairo",31.2461,30.0982,"Lower middle income","IBRD"
"Egypt, Arab Rep.","EGY",2010,NA,"2026-07-13",89196072,13128.9878334831,69.078,24.583,21.6,"Middle East, North Africa, Afghanistan & Pakistan","Cairo",31.2461,30.0982,"Lower middle income","IBRD"
"Egypt, Arab Rep.","EGY",2011,NA,"2026-07-13",91093059,13082.4263680239,69.232,29.426,25.6,"Middle East, North Africa, Afghanistan & Pakistan","Cairo",31.2461,30.0982,"Lower middle income","IBRD"
"Egypt, Arab Rep.","EGY",2012,NA,"2026-07-13",93161001,13076.8052394876,69.464,34.439,26.4,"Middle East, North Africa, Afghanistan & Pakistan","Cairo",31.2461,30.0982,"Lower middle income","IBRD"
"Egypt, Arab Rep.","EGY",2013,NA,"2026-07-13",95333553,13058.0748238237,69.632,34.12,29.4,"Middle East, North Africa, Afghanistan & Pakistan","Cairo",31.2461,30.0982,"Lower middle income","IBRD"
"Egypt, Arab Rep.","EGY",2014,NA,"2026-07-13",97528654,13136.3656298099,69.911,32.198,33.8946039115275,"Middle East, North Africa, Afghanistan & Pakistan","Cairo",31.2461,30.0982,"Lower middle income","IBRD"
"Egypt, Arab Rep.","EGY",2015,NA,"2026-07-13",99597342,13425.9119599492,70.135,34.16,37.8193834276939,"Middle East, North Africa, Afghanistan & Pakistan","Cairo",31.2461,30.0982,"Lower middle income","IBRD"
"Egypt, Arab Rep.","EGY",2016,NA,"2026-07-13",101644589,13727.3201600816,70.437,33.655,41.2480670885772,"Middle East, North Africa, Afghanistan & Pakistan","Cairo",31.2461,30.0982,"Lower middle income","IBRD"
"Egypt, Arab Rep.","EGY",2017,NA,"2026-07-13",103696057,14018.3605934411,70.709,32.644,44.9502042452857,"Middle East, North Africa, Afghanistan & Pakistan","Cairo",31.2461,30.0982,"Lower middle income","IBRD"
"Egypt, Arab Rep.","EGY",2018,NA,"2026-07-13",105682094,14488.2094340261,70.974,26.252,46.92433676792,"Middle East, North Africa, Afghanistan & Pakistan","Cairo",31.2461,30.0982,"Lower middle income","IBRD"
"Egypt, Arab Rep.","EGY",2019,NA,"2026-07-13",107553158,15026.568243683,71.213,20.631,57.2828663990195,"Middle East, North Africa, Afghanistan & Pakistan","Cairo",31.2461,30.0982,"Lower middle income","IBRD"
"Egypt, Arab Rep.","EGY",2020,NA,"2026-07-13",109315124,15309.2359881835,69.79,18.463,71.91420096,"Middle East, North Africa, Afghanistan & Pakistan","Cairo",31.2461,30.0982,"Lower middle income","IBRD"
"France","FRA",2000,NA,"2026-07-13",60918661,45922.4789363701,79.0560975609756,20.484,14.3079239430677,"Europe & Central Asia","Paris",2.35097,48.8566,"High income","Not classified"
"France","FRA",2001,NA,"2026-07-13",61364377,46454.8706927365,79.1585365853659,17.91,26.3259035521688,"Europe & Central Asia","Paris",2.35097,48.8566,"High income","Not classified"
"France","FRA",2002,NA,"2026-07-13",61812142,46610.7820717214,79.2609756097561,18.846,30.18,"Europe & Central Asia","Paris",2.35097,48.8566,"High income","Not classified"
"France","FRA",2003,NA,"2026-07-13",62249855,46730.975806379,79.1146341463415,17.178,36.14,"Europe & Central Asia","Paris",2.35097,48.8566,"High income","Not classified"
"France","FRA",2004,NA,"2026-07-13",62707588,47720.4413351103,80.1634146341463,19.667,39.15,"Europe & Central Asia","Paris",2.35097,48.8566,"High income","Not classified"
"France","FRA",2005,NA,"2026-07-13",63180854,48257.4650937971,80.1634146341463,21.225,42.87,"Europe & Central Asia","Paris",2.35097,48.8566,"High income","Not classified"
"France","FRA",2006,NA,"2026-07-13",63622342,49223.247197008,80.8121951219512,22.447,46.87,"Europe & Central Asia","Paris",2.35097,48.8566,"High income","Not classified"
"France","FRA",2007,NA,"2026-07-13",64016890,50157.7837477634,81.1121951219512,19.644,66.09,"Europe & Central Asia","Paris",2.35097,48.8566,"High income","Not classified"
"France","FRA",2008,NA,"2026-07-13",64375116,50068.2969141379,81.2146341463415,19.214,70.68,"Europe & Central Asia","Paris",2.35097,48.8566,"High income","Not classified"
"France","FRA",2009,NA,"2026-07-13",64706436,48404.9657826363,81.4146341463415,24.006,71.58,"Europe & Central Asia","Paris",2.35097,48.8566,"High income","Not classified"
"France","FRA",2010,NA,"2026-07-13",65026211,49130.422942344,81.6634146341463,23.592,77.28,"Europe & Central Asia","Paris",2.35097,48.8566,"High income","Not classified"
"France","FRA",2011,NA,"2026-07-13",65340830,50085.6829779109,82.1146341463415,23.018,77.8199989926706,"Europe & Central Asia","Paris",2.35097,48.8566,"High income","Not classified"
"France","FRA",2012,NA,"2026-07-13",65657659,49935.6269081617,81.9682926829268,24.949,81.44,"Europe & Central Asia","Paris",2.35097,48.8566,"High income","Not classified"
"France","FRA",2013,NA,"2026-07-13",65997932,50066.5304324783,82.219512195122,24.363,81.9198,"Europe & Central Asia","Paris",2.35097,48.8566,"High income","Not classified"
"France","FRA",2014,NA,"2026-07-13",66312067,50326.567863089,82.719512195122,24.828,83.7510996681821,"Europe & Central Asia","Paris",2.35097,48.8566,"High income","Not classified"
"France","FRA",2015,NA,"2026-07-13",66548272,50682.8953586333,82.3219512195122,25.262,78.0060377071902,"Europe & Central Asia","Paris",2.35097,48.8566,"High income","Not classified"
"France","FRA",2016,NA,"2026-07-13",66724104,50984.075297832,82.5731707317073,24.938,79.2698113207547,"Europe & Central Asia","Paris",2.35097,48.8566,"High income","Not classified"
"France","FRA",2017,NA,"2026-07-13",66918020,51895.5662985838,82.5756097560976,22.572,80.5024597243607,"Europe & Central Asia","Paris",2.35097,48.8566,"High income","Not classified"
"France","FRA",2018,NA,"2026-07-13",67158348,52560.9536243841,82.6756097560976,20.953,82.0431867788484,"Europe & Central Asia","Paris",2.35097,48.8566,"High income","Not classified"
"France","FRA",2019,NA,"2026-07-13",67382061,53448.5548849943,82.8268292682927,19.929,83.3397440866883,"Europe & Central Asia","Paris",2.35097,48.8566,"High income","Not classified"
"France","FRA",2020,NA,"2026-07-13",67601110,49311.333409639,82.1756097560976,20.398,84.70639801,"Europe & Central Asia","Paris",2.35097,48.8566,"High income","Not classified"
"Germany","DEU",2000,NA,"2026-07-13",82211508,49955.6461286496,77.9268292682927,8.545,30.2163466048889,"Europe & Central Asia","Berlin",13.4115,52.5235,"High income","Not classified"
"Germany","DEU",2001,NA,"2026-07-13",82349925,50687.6500447924,78.3292682926829,7.787,31.650939416316,"Europe & Central Asia","Berlin",13.4115,52.5235,"High income","Not classified"
"Germany","DEU",2002,NA,"2026-07-13",82488495,50486.998248551,78.2292682926829,9.285,48.82,"Europe & Central Asia","Berlin",13.4115,52.5235,"High income","Not classified"
"Germany","DEU",2003,NA,"2026-07-13",82534176,50191.7219389611,78.3804878048781,11.024,55.9,"Europe & Central Asia","Berlin",13.4115,52.5235,"High income","Not classified"
"Germany","DEU",2004,NA,"2026-07-13",82516260,50786.0176463275,78.6804878048781,12.984,64.73,"Europe & Central Asia","Berlin",13.4115,52.5235,"High income","Not classified"
"Germany","DEU",2005,NA,"2026-07-13",82469422,51264.8193748941,78.9317073170732,15.463,68.71,"Europe & Central Asia","Berlin",13.4115,52.5235,"High income","Not classified"
"Germany","DEU",2006,NA,"2026-07-13",82376451,53307.1623767517,79.1317073170732,13.402,72.16,"Europe & Central Asia","Berlin",13.4115,52.5235,"High income","Not classified"
"Germany","DEU",2007,NA,"2026-07-13",82266372,54920.6589299724,79.5341463414634,11.824,75.16,"Europe & Central Asia","Berlin",13.4115,52.5235,"High income","Not classified"
"Germany","DEU",2008,NA,"2026-07-13",82110097,55513.7558858315,79.7365853658537,10.929,78,"Europe & Central Asia","Berlin",13.4115,52.5235,"High income","Not classified"
"Germany","DEU",2009,NA,"2026-07-13",81902307,52568.797424995,79.8365853658537,11.309,79,"Europe & Central Asia","Berlin",13.4115,52.5235,"High income","Not classified"
"Germany","DEU",2010,NA,"2026-07-13",81776930,54826.255453315,79.9878048780488,10.416,82,"Europe & Central Asia","Berlin",13.4115,52.5235,"High income","Not classified"
"Germany","DEU",2011,NA,"2026-07-13",80274983,57950.9589729677,80.4365853658537,8.927,81.26999953602,"Europe & Central Asia","Berlin",13.4115,52.5235,"High income","Not classified"
"Germany","DEU",2012,NA,"2026-07-13",80425823,58110.3768512245,80.5390243902439,8.119,82.3499984738392,"Europe & Central Asia","Berlin",13.4115,52.5235,"High income","Not classified"
"Germany","DEU",2013,NA,"2026-07-13",80645605,58182.0766176953,80.490243902439,7.825,84.17,"Europe & Central Asia","Berlin",13.4115,52.5235,"High income","Not classified"
"Germany","DEU",2014,NA,"2026-07-13",80982500,59203.2340879963,81.090243902439,7.612,86.1937006578756,"Europe & Central Asia","Berlin",13.4115,52.5235,"High income","Not classified"
"Germany","DEU",2015,NA,"2026-07-13",81686611,59668.9890355282,80.6414634146341,7.328,87.5897993525767,"Europe & Central Asia","Berlin",13.4115,52.5235,"High income","Not classified"
"Germany","DEU",2016,NA,"2026-07-13",82348669,60504.5857417161,80.990243902439,7.079,84.1652066441212,"Europe & Central Asia","Berlin",13.4115,52.5235,"High income","Not classified"
"Germany","DEU",2017,NA,"2026-07-13",82657002,61965.4342904965,80.9926829268293,6.77,84.3941537010844,"Europe & Central Asia","Berlin",13.4115,52.5235,"High income","Not classified"
"Germany","DEU",2018,NA,"2026-07-13",82905782,62481.1183971045,80.8926829268293,6.22,87.037112092841,"Europe & Central Asia","Berlin",13.4115,52.5235,"High income","Not classified"
"Germany","DEU",2019,NA,"2026-07-13",83092962,62949.8932511855,81.2926829268293,5.859,88.1345169091916,"Europe & Central Asia","Berlin",13.4115,52.5235,"High income","Not classified"
"Germany","DEU",2020,NA,"2026-07-13",83160871,60299.5767710809,81.0414634146342,7.862,89.81294133,"Europe & Central Asia","Berlin",13.4115,52.5235,"High income","Not classified"
"Ghana","GHA",2000,NA,"2026-07-13",19637087,3327.35199291767,58.139,16.422,0.153615297625799,"Sub-Saharan Africa","Accra",-0.20795,5.57045,"Lower middle income","IDA"
"Ghana","GHA",2001,NA,"2026-07-13",20167069,3369.50702508212,58.403,15.376,0.200008060324831,"Sub-Saharan Africa","Accra",-0.20795,5.57045,"Lower middle income","IDA"
"Ghana","GHA",2002,NA,"2026-07-13",20729388,3425.61820934278,58.709,14.261,0.830284033818738,"Sub-Saharan Africa","Accra",-0.20795,5.57045,"Lower middle income","IDA"
"Ghana","GHA",2003,NA,"2026-07-13",21296705,3507.75105744843,59.014,13.052,1.19305791098328,"Sub-Saharan Africa","Accra",-0.20795,5.57045,"Lower middle income","IDA"
"Ghana","GHA",2004,NA,"2026-07-13",21868298,3607.36522285021,59.316,11.854,1.71679770389504,"Sub-Saharan Africa","Accra",-0.20795,5.57045,"Lower middle income","IDA"
"Ghana","GHA",2005,NA,"2026-07-13",22449438,3721.30785741996,59.638,10.671,1.83119746104616,"Sub-Saharan Africa","Accra",-0.20795,5.57045,"Lower middle income","IDA"
"Ghana","GHA",2006,NA,"2026-07-13",23040702,3857.86154847605,59.975,9.494,2.72317597313987,"Sub-Saharan Africa","Accra",-0.20795,5.57045,"Lower middle income","IDA"
"Ghana","GHA",2007,NA,"2026-07-13",23642279,3923.12567803728,60.282,9.996,3.85,"Sub-Saharan Africa","Accra",-0.20795,5.57045,"Lower middle income","IDA"
"Ghana","GHA",2008,NA,"2026-07-13",24249946,4174.78124103364,60.578,10.264,4.27,"Sub-Saharan Africa","Accra",-0.20795,5.57045,"Lower middle income","IDA"
"Ghana","GHA",2009,NA,"2026-07-13",24862664,4269.16005861557,60.928,10.811,5.44,"Sub-Saharan Africa","Accra",-0.20795,5.57045,"Lower middle income","IDA"
"Ghana","GHA",2010,NA,"2026-07-13",25474995,4495.68916584106,61.297,11.059,7.8,"Sub-Saharan Africa","Accra",-0.20795,5.57045,"Lower middle income","IDA"
"Ghana","GHA",2011,NA,"2026-07-13",26095088,5005.36732498187,61.617,8.808,9,"Sub-Saharan Africa","Accra",-0.20795,5.57045,"Lower middle income","IDA"
"Ghana","GHA",2012,NA,"2026-07-13",26734268,5339.71321903045,61.995,6.664,10.6,"Sub-Saharan Africa","Accra",-0.20795,5.57045,"Lower middle income","IDA"
"Ghana","GHA",2013,NA,"2026-07-13",27386193,5593.77481886917,62.397,4.718,15,"Sub-Saharan Africa","Accra",-0.20795,5.57045,"Lower middle income","IDA"
"Ghana","GHA",2014,NA,"2026-07-13",28041592,5619.07233511591,62.832,9.307,19,"Sub-Saharan Africa","Accra",-0.20795,5.57045,"Lower middle income","IDA"
"Ghana","GHA",2015,NA,"2026-07-13",28696068,5607.36635657413,63.175,14.238,23,"Sub-Saharan Africa","Accra",-0.20795,5.57045,"Lower middle income","IDA"
"Ghana","GHA",2016,NA,"2026-07-13",29356742,5666.07795334591,63.522,10.616,28,"Sub-Saharan Africa","Accra",-0.20795,5.57045,"Lower middle income","IDA"
"Ghana","GHA",2017,NA,"2026-07-13",30008354,5993.63085211077,63.829,6.375,37.88420105,"Sub-Saharan Africa","Accra",-0.20795,5.57045,"Lower middle income","IDA"
"Ghana","GHA",2018,NA,"2026-07-13",30637585,6234.51208201488,64.138,6.107,43,"Sub-Saharan Africa","Accra",-0.20795,5.57045,"Lower middle income","IDA"
"Ghana","GHA",2019,NA,"2026-07-13",31258945,6508.24652305901,64.455,5.875,22.0732,"Sub-Saharan Africa","Accra",-0.20795,5.57045,"Lower middle income","IDA"
"Ghana","GHA",2020,NA,"2026-07-13",31887809,6412.68541762469,64.309,6.319,62.51760101,"Sub-Saharan Africa","Accra",-0.20795,5.57045,"Lower middle income","IDA"
"India","IND",2000,NA,"2026-07-13",1057922733,3010.42156148397,62.749,20.198,0.527532449930946,"South Asia","New Delhi",77.225,28.6353,"Lower middle income","IBRD"
"India","IND",2001,NA,"2026-07-13",1077898575,3097.16224022342,63.158,20.422,0.660146377009928,"South Asia","New Delhi",77.225,28.6353,"Lower middle income","IBRD"
"India","IND",2002,NA,"2026-07-13",1097600380,3157.26903770593,63.649,20.761,1.53787558175083,"South Asia","New Delhi",77.225,28.6353,"Lower middle income","IBRD"
"India","IND",2003,NA,"2026-07-13",1116803006,3346.8882902915,64.086,20.855,1.68648997063625,"South Asia","New Delhi",77.225,28.6353,"Lower middle income","IBRD"
"India","IND",2004,NA,"2026-07-13",1135991513,3551.04731213773,64.484,20.988,1.97613649190559,"South Asia","New Delhi",77.225,28.6353,"Lower middle income","IBRD"
"India","IND",2005,NA,"2026-07-13",1154676322,3770.39653173829,64.939,21.117,2.388099909,"South Asia","New Delhi",77.225,28.6353,"Lower middle income","IBRD"
"India","IND",2006,NA,"2026-07-13",1172878890,4011.08647585805,65.373,21.472,2.80549986534254,"South Asia","New Delhi",77.225,28.6353,"Lower middle income","IBRD"
"India","IND",2007,NA,"2026-07-13",1190676021,4253.82139046739,65.803,21.863,3.95,"South Asia","New Delhi",77.225,28.6353,"Lower middle income","IBRD"
"India","IND",2008,NA,"2026-07-13",1207930964,4322.48378983546,66.247,22.417,4.38,"South Asia","New Delhi",77.225,28.6353,"Lower middle income","IBRD"
"India","IND",2009,NA,"2026-07-13",1225524753,4595.37990753812,66.7,22.862,5.12,"South Asia","New Delhi",77.225,28.6353,"Lower middle income","IBRD"
"India","IND",2010,NA,"2026-07-13",1243481564,4913.87639723705,67.162,23.299,7.5,"South Asia","New Delhi",77.225,28.6353,"Lower middle income","IBRD"
"India","IND",2011,NA,"2026-07-13",1261224954,5098.67458775444,67.623,23.641,10.07,"South Asia","New Delhi",77.225,28.6353,"Lower middle income","IBRD"
"India","IND",2012,NA,"2026-07-13",1278674502,5303.50197767655,68.076,24.135,11.10000038,"South Asia","New Delhi",77.225,28.6353,"Lower middle income","IBRD"
"India","IND",2013,NA,"2026-07-13",1295829511,5567.49439418718,68.499,24.473,12.30000019,"South Asia","New Delhi",77.225,28.6353,"Lower middle income","IBRD"
"India","IND",2014,NA,"2026-07-13",1312277191,5905.10618204633,68.932,24.709,13.5,"South Asia","New Delhi",77.225,28.6353,"Lower middle income","IBRD"
"India","IND",2015,NA,"2026-07-13",1328024498,6301.67346968236,69.326,24.959,14.89999962,"South Asia","New Delhi",77.225,28.6353,"Lower middle income","IBRD"
"India","IND",2016,NA,"2026-07-13",1343944296,6741.14883185347,69.709,25.23,16.5,"South Asia","New Delhi",77.225,28.6353,"Lower middle income","IBRD"
"India","IND",2017,NA,"2026-07-13",1359657400,7116.03659185396,70.068,25.591,18.20000076,"South Asia","New Delhi",77.225,28.6353,"Lower middle income","IBRD"
"India","IND",2018,NA,"2026-07-13",1374659064,7492.62576755145,70.415,26.003,20.0813000379384,"South Asia","New Delhi",77.225,28.6353,"Lower middle income","IBRD"
"India","IND",2019,NA,"2026-07-13",1389030312,7702.17634811957,70.746,22.947,29.52350044,"South Asia","New Delhi",77.225,28.6353,"Lower middle income","IBRD"
"India","IND",2020,NA,"2026-07-13",1402617695,7186.86447099679,70.156,24.666,43.40544313,"South Asia","New Delhi",77.225,28.6353,"Lower middle income","IBRD"
"Jordan","JOR",2000,NA,"2026-07-13",5386945,8781.60904744228,71.926,31.651,2.62327542156362,"Middle East, North Africa, Afghanistan & Pakistan","Amman",35.9263,31.9497,"Lower middle income","IBRD"
"Jordan","JOR",2001,NA,"2026-07-13",5498894,9056.19447281902,72.141,33.899,4.70571958094159,"Middle East, North Africa, Afghanistan & Pakistan","Amman",35.9263,31.9497,"Lower middle income","IBRD"
"Jordan","JOR",2002,NA,"2026-07-13",5616066,9380.11324124271,72.359,35.349,6.02553241191204,"Middle East, North Africa, Afghanistan & Pakistan","Amman",35.9263,31.9497,"Lower middle income","IBRD"
"Jordan","JOR",2003,NA,"2026-07-13",5741828,9556.48163712053,72.585,33.288,8.46600501623938,"Middle East, North Africa, Afghanistan & Pakistan","Amman",35.9263,31.9497,"Lower middle income","IBRD"
"Jordan","JOR",2004,NA,"2026-07-13",5882061,10127.8527547101,72.788,34.093,11.6587413706379,"Middle East, North Africa, Afghanistan & Pakistan","Amman",35.9263,31.9497,"Lower middle income","IBRD"
"Jordan","JOR",2005,NA,"2026-07-13",6029587,10684.9424228538,72.977,34.989,12.93290043,"Middle East, North Africa, Afghanistan & Pakistan","Amman",35.9263,31.9497,"Lower middle income","IBRD"
"Jordan","JOR",2006,NA,"2026-07-13",6427371,10834.8737267915,73.225,33.022,13.86709976,"Middle East, North Africa, Afghanistan & Pakistan","Amman",35.9263,31.9497,"Lower middle income","IBRD"
"Jordan","JOR",2007,NA,"2026-07-13",6827227,11034.2922176813,73.407,31.755,20,"Middle East, North Africa, Afghanistan & Pakistan","Amman",35.9263,31.9497,"Lower middle income","IBRD"
"Jordan","JOR",2008,NA,"2026-07-13",6989866,11555.728825835,73.563,30.716,23,"Middle East, North Africa, Afghanistan & Pakistan","Amman",35.9263,31.9497,"Lower middle income","IBRD"
"Jordan","JOR",2009,NA,"2026-07-13",7141753,11888.6617212582,73.707,31.368,26,"Middle East, North Africa, Afghanistan & Pakistan","Amman",35.9263,31.9497,"Lower middle income","IBRD"
"Jordan","JOR",2010,NA,"2026-07-13",7297043,11942.572010796,73.797,30.059,27.2,"Middle East, North Africa, Afghanistan & Pakistan","Amman",35.9263,31.9497,"Lower middle income","IBRD"
"Jordan","JOR",2011,NA,"2026-07-13",7480424,11988.4963110815,73.929,30.787,34.9,"Middle East, North Africa, Afghanistan & Pakistan","Amman",35.9263,31.9497,"Lower middle income","IBRD"
"Jordan","JOR",2012,NA,"2026-07-13",7587127,12104.1217423938,74.087,28.853,37,"Middle East, North Africa, Afghanistan & Pakistan","Amman",35.9263,31.9497,"Lower middle income","IBRD"
"Jordan","JOR",2013,NA,"2026-07-13",7991809,11804.1225335126,74.282,29.536,41.4,"Middle East, North Africa, Afghanistan & Pakistan","Amman",35.9263,31.9497,"Lower middle income","IBRD"
"Jordan","JOR",2014,NA,"2026-07-13",8791710,11086.6905487513,74.606,27.612,46.2,"Middle East, North Africa, Afghanistan & Pakistan","Amman",35.9263,31.9497,"Lower middle income","IBRD"
"Jordan","JOR",2015,NA,"2026-07-13",9544729,10469.6306302225,75.06,30.914,54.22000122,"Middle East, North Africa, Afghanistan & Pakistan","Amman",35.9263,31.9497,"Lower middle income","IBRD"
"Jordan","JOR",2016,NA,"2026-07-13",10006367,10197.5044990617,75.55,35.61,56.15000153,"Middle East, North Africa, Afghanistan & Pakistan","Amman",35.9263,31.9497,"Lower middle income","IBRD"
"Jordan","JOR",2017,NA,"2026-07-13",10234226,10220.492781193,76.071,35.438,64.5,"Middle East, North Africa, Afghanistan & Pakistan","Amman",35.9263,31.9497,"Lower middle income","IBRD"
"Jordan","JOR",2018,NA,"2026-07-13",10462306,10183.0248366235,76.491,38.941,65.2,"Middle East, North Africa, Afghanistan & Pakistan","Amman",35.9263,31.9497,"Lower middle income","IBRD"
"Jordan","JOR",2019,NA,"2026-07-13",10671891,10168.3588523537,76.865,37.205,70.08470154,"Middle East, North Africa, Afghanistan & Pakistan","Amman",35.9263,31.9497,"Lower middle income","IBRD"
"Jordan","JOR",2020,NA,"2026-07-13",10865228,9872.3094512325,75.583,42.458,78.4178009,"Middle East, North Africa, Afghanistan & Pakistan","Amman",35.9263,31.9497,"Lower middle income","IBRD"
"Kenya","KEN",2000,NA,"2026-07-13",30642890,3756.63622296879,56.084,6.763,0.318059713612037,"Sub-Saharan Africa","Nairobi",36.8126,-1.27975,"Lower middle income","Blend"
"Kenya","KEN",2001,NA,"2026-07-13",31619170,3778.25854755615,56.501,6.778,0.619782266151425,"Sub-Saharan Africa","Nairobi",36.8126,-1.27975,"Lower middle income","Blend"
"Kenya","KEN",2002,NA,"2026-07-13",32629808,3681.2569427491,56.759,6.885,1.20777388492125,"Sub-Saharan Africa","Nairobi",36.8126,-1.27975,"Lower middle income","Blend"
"Kenya","KEN",2003,NA,"2026-07-13",33652223,3674.08592758409,57.369,6.829,2.94190286101524,"Sub-Saharan Africa","Nairobi",36.8126,-1.27975,"Lower middle income","Blend"
"Kenya","KEN",2004,NA,"2026-07-13",34713455,3743.56785736929,57.947,6.818,3.0235280420962,"Sub-Saharan Africa","Nairobi",36.8126,-1.27975,"Lower middle income","Blend"
"Kenya","KEN",2005,NA,"2026-07-13",35796484,3844.73557120578,58.51,6.654,3.101900101,"Sub-Saharan Africa","Nairobi",36.8126,-1.27975,"Lower middle income","Blend"
"Kenya","KEN",2006,NA,"2026-07-13",36904008,3970.73349887685,59.059,6.571,3.599999905,"Sub-Saharan Africa","Nairobi",36.8126,-1.27975,"Lower middle income","Blend"
"Kenya","KEN",2007,NA,"2026-07-13",38036349,4116.45094720856,59.407,6.561,4.400000095,"Sub-Saharan Africa","Nairobi",36.8126,-1.27975,"Lower middle income","Blend"
"Kenya","KEN",2008,NA,"2026-07-13",39206351,4002.88364073792,59.955,6.839,5.199999809,"Sub-Saharan Africa","Nairobi",36.8126,-1.27975,"Lower middle income","Blend"
"Kenya","KEN",2009,NA,"2026-07-13",40408891,4012.19428382397,60.483,7.03,6.1,"Sub-Saharan Africa","Nairobi",36.8126,-1.27975,"Lower middle income","Blend"
"Kenya","KEN",2010,NA,"2026-07-13",41598567,4211.52462957784,60.915,7.049,7.2,"Sub-Saharan Africa","Nairobi",36.8126,-1.27975,"Lower middle income","Blend"
"Kenya","KEN",2011,NA,"2026-07-13",42758461,4307.10611556858,61.283,6.924,8.800000191,"Sub-Saharan Africa","Nairobi",36.8126,-1.27975,"Lower middle income","Blend"
"Kenya","KEN",2012,NA,"2026-07-13",43888303,4387.93790075409,61.537,6.945,10.5,"Sub-Saharan Africa","Nairobi",36.8126,-1.27975,"Lower middle income","Blend"
"Kenya","KEN",2013,NA,"2026-07-13",44986791,4443.371215682,61.729,7.183,13,"Sub-Saharan Africa","Nairobi",36.8126,-1.27975,"Lower middle income","Blend"
"Kenya","KEN",2014,NA,"2026-07-13",46051440,4558.55155266374,61.99,7.253,16.5,"Sub-Saharan Africa","Nairobi",36.8126,-1.27975,"Lower middle income","Blend"
"Kenya","KEN",2015,NA,"2026-07-13",47088526,4679.62182831938,62.279,7.299,16.5878548475992,"Sub-Saharan Africa","Nairobi",36.8126,-1.27975,"Lower middle income","Blend"
"Kenya","KEN",2016,NA,"2026-07-13",48139687,4770.31046388086,62.526,7.333,16.6,"Sub-Saharan Africa","Nairobi",36.8126,-1.27975,"Lower middle income","Blend"
"Kenya","KEN",2017,NA,"2026-07-13",49197766,4846.86210851932,62.725,9.097,17.82710075,"Sub-Saharan Africa","Nairobi",36.8126,-1.27975,"Lower middle income","Blend"
"Kenya","KEN",2018,NA,"2026-07-13",50207107,5017.66784674664,62.825,10.818,19.5,"Sub-Saharan Africa","Nairobi",36.8126,-1.27975,"Lower middle income","Blend"
"Kenya","KEN",2019,NA,"2026-07-13",51202827,5171.71264279257,62.939,12.547,22.6687733618171,"Sub-Saharan Africa","Nairobi",36.8126,-1.27975,"Lower middle income","Blend"
"Kenya","KEN",2020,NA,"2026-07-13",52217334,5057.40115537429,61.596,13.619,24.7227993,"Sub-Saharan Africa","Nairobi",36.8126,-1.27975,"Lower middle income","Blend"
"Korea, Rep.","KOR",2000,NA,"2026-07-13",47008111,26404.1588575745,75.909756097561,10.002,44.7,"East Asia & Pacific","Seoul",126.957,37.5323,"High income","Not classified"
"Korea, Rep.","KOR",2001,NA,"2026-07-13",47370164,27440.6564915847,76.4121951219512,9.359,56.6,"East Asia & Pacific","Seoul",126.957,37.5323,"High income","Not classified"
"Korea, Rep.","KOR",2002,NA,"2026-07-13",47644736,29395.2766036796,76.7658536585366,7.902,59.4,"East Asia & Pacific","Seoul",126.957,37.5323,"High income","Not classified"
"Korea, Rep.","KOR",2003,NA,"2026-07-13",47892330,30142.4605585814,77.2146341463415,9.424,65.5,"East Asia & Pacific","Seoul",126.957,37.5323,"High income","Not classified"
"Korea, Rep.","KOR",2004,NA,"2026-07-13",48082519,31579.5283048867,77.6658536585366,9.798,72.7,"East Asia & Pacific","Seoul",126.957,37.5323,"High income","Not classified"
"Korea, Rep.","KOR",2005,NA,"2026-07-13",48184561,32886.0472450743,78.1682926829268,9.321,73.5,"East Asia & Pacific","Seoul",126.957,37.5323,"High income","Not classified"
"Korea, Rep.","KOR",2006,NA,"2026-07-13",48438292,34429.6222013137,78.6682926829268,8.916,78.1,"East Asia & Pacific","Seoul",126.957,37.5323,"High income","Not classified"
"Korea, Rep.","KOR",2007,NA,"2026-07-13",48683638,36257.3401689702,79.119512195122,7.853,78.8,"East Asia & Pacific","Seoul",126.957,37.5323,"High income","Not classified"
"Korea, Rep.","KOR",2008,NA,"2026-07-13",49054708,37064.1518484106,79.5170731707317,8.65,81,"East Asia & Pacific","Seoul",126.957,37.5323,"High income","Not classified"
"Korea, Rep.","KOR",2009,NA,"2026-07-13",49307835,37176.1939270969,79.9682926829268,9.221,81.6,"East Asia & Pacific","Seoul",126.957,37.5323,"High income","Not classified"
"Korea, Rep.","KOR",2010,NA,"2026-07-13",49554112,39574.0500732947,80.1170731707317,8.54,83.7,"East Asia & Pacific","Seoul",126.957,37.5323,"High income","Not classified"
"Korea, Rep.","KOR",2011,NA,"2026-07-13",49936638,40719.2273771671,80.5682926829269,8.298,83.7591201534472,"East Asia & Pacific","Seoul",126.957,37.5323,"High income","Not classified"
"Korea, Rep.","KOR",2012,NA,"2026-07-13",50199853,41537.6728611117,80.819512195122,7.738,84.07,"East Asia & Pacific","Seoul",126.957,37.5323,"High income","Not classified"
"Korea, Rep.","KOR",2013,NA,"2026-07-13",50428893,42709.9751857887,81.2707317073171,8.943,84.77,"East Asia & Pacific","Seoul",126.957,37.5323,"High income","Not classified"
"Korea, Rep.","KOR",2014,NA,"2026-07-13",50746659,43806.9250985661,81.7219512195122,8.594,87.5568264944747,"East Asia & Pacific","Seoul",126.957,37.5323,"High income","Not classified"
"Korea, Rep.","KOR",2015,NA,"2026-07-13",51014947,44849.106767089,82.0243902439024,9.899,89.8962557995106,"East Asia & Pacific","Seoul",126.957,37.5323,"High income","Not classified"
"Korea, Rep.","KOR",2016,NA,"2026-07-13",51217803,46088.2430785383,82.2756097560976,10.145,92.8430256796075,"East Asia & Pacific","Seoul",126.957,37.5323,"High income","Not classified"
"Korea, Rep.","KOR",2017,NA,"2026-07-13",51361911,47536.7898568851,82.6268292682927,9.781,95.0694218761004,"East Asia & Pacific","Seoul",126.957,37.5323,"High income","Not classified"
"Korea, Rep.","KOR",2018,NA,"2026-07-13",51585058,48834.4471157733,82.6268292682927,10.12,96.0228595797887,"East Asia & Pacific","Seoul",126.957,37.5323,"High income","Not classified"
"Korea, Rep.","KOR",2019,NA,"2026-07-13",51764822,49790.8679884821,83.2268292682927,9.827,96.157579184239,"East Asia & Pacific","Seoul",126.957,37.5323,"High income","Not classified"
"Korea, Rep.","KOR",2020,NA,"2026-07-13",51836239,49374.0926148025,83.4268292682927,10.143,96.50506052,"East Asia & Pacific","Seoul",126.957,37.5323,"High income","Not classified"
"Mexico","MEX",2000,NA,"2026-07-13",98625552,20470.4937669158,72.562,5.228,5.08138415338066,"Latin America & Caribbean","Mexico City",-99.1276,19.427,"Upper middle income","IBRD"
"Mexico","MEX",2001,NA,"2026-07-13",100099099,20078.2183931307,72.912,4.975,7.0380231165045,"Latin America & Caribbean","Mexico City",-99.1276,19.427,"Upper middle income","IBRD"
"Mexico","MEX",2002,NA,"2026-07-13",101548624,19744.7933675609,73.106,6.093,11.9,"Latin America & Caribbean","Mexico City",-99.1276,19.427,"Upper middle income","IBRD"
"Mexico","MEX",2003,NA,"2026-07-13",102978515,19701.4633898714,73.308,7.099,12.9,"Latin America & Caribbean","Mexico City",-99.1276,19.427,"Upper middle income","IBRD"
"Mexico","MEX",2004,NA,"2026-07-13",104394131,20127.2242902968,73.432,8.2,14.1,"Latin America & Caribbean","Mexico City",-99.1276,19.427,"Upper middle income","IBRD"
"Mexico","MEX",2005,NA,"2026-07-13",105811504,20277.2552852007,73.627,6.878,17.20999908,"Latin America & Caribbean","Mexico City",-99.1276,19.427,"Upper middle income","IBRD"
"Mexico","MEX",2006,NA,"2026-07-13",107253666,20965.8256087044,73.746,6.98,19.52000046,"Latin America & Caribbean","Mexico City",-99.1276,19.427,"Upper middle income","IBRD"
"Mexico","MEX",2007,NA,"2026-07-13",108774360,21102.2688338349,73.796,7.124,20.81,"Latin America & Caribbean","Mexico City",-99.1276,19.427,"Upper middle income","IBRD"
"Mexico","MEX",2008,NA,"2026-07-13",110374288,20992.5602662364,73.695,7.594,21.71,"Latin America & Caribbean","Mexico City",-99.1276,19.427,"Upper middle income","IBRD"
"Mexico","MEX",2009,NA,"2026-07-13",111999721,19385.5437251877,73.628,10.012,26.34,"Latin America & Caribbean","Mexico City",-99.1276,19.427,"Upper middle income","IBRD"
"Mexico","MEX",2010,NA,"2026-07-13",113623895,20058.3854882301,73.718,9.704,31.05,"Latin America & Caribbean","Mexico City",-99.1276,19.427,"Upper middle income","IBRD"
"Mexico","MEX",2011,NA,"2026-07-13",115243504,20457.6001677783,73.921,9.765,37.1762954125184,"Latin America & Caribbean","Mexico City",-99.1276,19.427,"Upper middle income","IBRD"
"Mexico","MEX",2012,NA,"2026-07-13",116818208,20898.935720908,74.128,9.357,39.75,"Latin America & Caribbean","Mexico City",-99.1276,19.427,"Upper middle income","IBRD"
"Mexico","MEX",2013,NA,"2026-07-13",118343573,20805.3480406564,74.289,9.398,43.46,"Latin America & Caribbean","Mexico City",-99.1276,19.427,"Upper middle income","IBRD"
"Mexico","MEX",2014,NA,"2026-07-13",119784261,21069.7661653886,74.404,9.418,44.3856962723411,"Latin America & Caribbean","Mexico City",-99.1276,19.427,"Upper middle income","IBRD"
"Mexico","MEX",2015,NA,"2026-07-13",121072306,21408.9283216195,74.431,8.516,57.4310429923633,"Latin America & Caribbean","Mexico City",-99.1276,19.427,"Upper middle income","IBRD"
"Mexico","MEX",2016,NA,"2026-07-13",122251351,21578.263354126,74.376,7.621,59.5404459967255,"Latin America & Caribbean","Mexico City",-99.1276,19.427,"Upper middle income","IBRD"
"Mexico","MEX",2017,NA,"2026-07-13",123400057,21777.5225127275,74.261,6.849,53.0317886110982,"Latin America & Caribbean","Mexico City",-99.1276,19.427,"Upper middle income","IBRD"
"Mexico","MEX",2018,NA,"2026-07-13",124573711,21997.7730219494,74.301,6.815,56.6595667981289,"Latin America & Caribbean","Mexico City",-99.1276,19.427,"Upper middle income","IBRD"
"Mexico","MEX",2019,NA,"2026-07-13",125762982,21704.185952748,74.53,7.16,69.6321092705209,"Latin America & Caribbean","Mexico City",-99.1276,19.427,"Upper middle income","IBRD"
"Mexico","MEX",2020,NA,"2026-07-13",126799054,19728.4817827455,70.449,8.053,71.49017499,"Latin America & Caribbean","Mexico City",-99.1276,19.427,"Upper middle income","IBRD"
"Morocco","MAR",2000,NA,"2026-07-13",28423435,5100.11572265625,66.794,20.391,0.693791244805455,"Middle East, North Africa, Afghanistan & Pakistan","Rabat",-6.8704,33.9905,"Lower middle income","IBRD"
"Morocco","MAR",2001,NA,"2026-07-13",28814643,5417.57861328125,67.2,18.869,1.37143810096418,"Middle East, North Africa, Afghanistan & Pakistan","Rabat",-6.8704,33.9905,"Lower middle income","IBRD"
"Morocco","MAR",2002,NA,"2026-07-13",29198142,5544.07177734375,67.582,17.599,2.37325319241544,"Middle East, North Africa, Afghanistan & Pakistan","Rabat",-6.8704,33.9905,"Lower middle income","IBRD"
"Morocco","MAR",2003,NA,"2026-07-13",29571415,5810.05322265625,67.958,17.041,3.35336668122363,"Middle East, North Africa, Afghanistan & Pakistan","Rabat",-6.8704,33.9905,"Lower middle income","IBRD"
"Morocco","MAR",2004,NA,"2026-07-13",29953018,5996.39013671875,68.272,15.443,11.6079347729582,"Middle East, North Africa, Afghanistan & Pakistan","Rabat",-6.8704,33.9905,"Lower middle income","IBRD"
"Morocco","MAR",2005,NA,"2026-07-13",30358144,6103.42236328125,68.748,15.713,15.0844445240204,"Middle East, North Africa, Afghanistan & Pakistan","Rabat",-6.8704,33.9905,"Lower middle income","IBRD"
"Morocco","MAR",2006,NA,"2026-07-13",30771178,6488.673828125,69.157,16.473,19.7711915653115,"Middle East, North Africa, Afghanistan & Pakistan","Rabat",-6.8704,33.9905,"Lower middle income","IBRD"
"Morocco","MAR",2007,NA,"2026-07-13",31186468,6620.59033203125,69.62,15.597,21.5,"Middle East, North Africa, Afghanistan & Pakistan","Rabat",-6.8704,33.9905,"Lower middle income","IBRD"
"Morocco","MAR",2008,NA,"2026-07-13",31606767,6901.95068359375,70.051,18.2,33.1,"Middle East, North Africa, Afghanistan & Pakistan","Rabat",-6.8704,33.9905,"Lower middle income","IBRD"
"Morocco","MAR",2009,NA,"2026-07-13",32030778,7063.72705078125,70.454,16.646,41.3,"Middle East, North Africa, Afghanistan & Pakistan","Rabat",-6.8704,33.9905,"Lower middle income","IBRD"
"Morocco","MAR",2010,NA,"2026-07-13",32467016,7210.63671875,70.821,17.621,52,"Middle East, North Africa, Afghanistan & Pakistan","Rabat",-6.8704,33.9905,"Lower middle income","IBRD"
"Morocco","MAR",2011,NA,"2026-07-13",32912588,7503.79296875,71.263,17.931,46.107482597,"Middle East, North Africa, Afghanistan & Pakistan","Rabat",-6.8704,33.9905,"Lower middle income","IBRD"
"Morocco","MAR",2012,NA,"2026-07-13",33355241,7628.64404296875,71.674,18.642,55.4160531914894,"Middle East, North Africa, Afghanistan & Pakistan","Rabat",-6.8704,33.9905,"Lower middle income","IBRD"
"Morocco","MAR",2013,NA,"2026-07-13",33787571,7839.0322265625,72.117,19.162,56,"Middle East, North Africa, Afghanistan & Pakistan","Rabat",-6.8704,33.9905,"Lower middle income","IBRD"
"Morocco","MAR",2014,NA,"2026-07-13",34204780,7951.79833984375,72.522,19.97,56.7746379160074,"Middle East, North Africa, Afghanistan & Pakistan","Rabat",-6.8704,33.9905,"Lower middle income","IBRD"
"Morocco","MAR",2015,NA,"2026-07-13",34607588,8198.80859375,72.894,20.826,57.0799993486116,"Middle East, North Africa, Afghanistan & Pakistan","Rabat",-6.8704,33.9905,"Lower middle income","IBRD"
"Morocco","MAR",2016,NA,"2026-07-13",35023457,8141.9404296875,73.228,22.265,58.271236420398,"Middle East, North Africa, Afghanistan & Pakistan","Rabat",-6.8704,33.9905,"Lower middle income","IBRD"
"Morocco","MAR",2017,NA,"2026-07-13",35446392,8450.0087890625,73.608,22.167,61.7622120123071,"Middle East, North Africa, Afghanistan & Pakistan","Rabat",-6.8704,33.9905,"Lower middle income","IBRD"
"Morocco","MAR",2018,NA,"2026-07-13",35839760,8611.75,73.946,22.431,64.8038651924043,"Middle East, North Africa, Afghanistan & Pakistan","Rabat",-6.8704,33.9905,"Lower middle income","IBRD"
"Morocco","MAR",2019,NA,"2026-07-13",36210898,8768.17578125,74.245,22.475,84.1203630467602,"Middle East, North Africa, Afghanistan & Pakistan","Rabat",-6.8704,33.9905,"Lower middle income","IBRD"
"Morocco","MAR",2020,NA,"2026-07-13",36584208,8054.56298828125,73.133,26.795,84.12036305,"Middle East, North Africa, Afghanistan & Pakistan","Rabat",-6.8704,33.9905,"Lower middle income","IBRD"
"Nigeria","NGA",2000,NA,"2026-07-13",126382494,4889.00321921229,47.143,7.571,0.0640808079494101,"Sub-Saharan Africa","Abuja",7.48906,9.05804,"Lower middle income","Blend"
"Nigeria","NGA",2001,NA,"2026-07-13",129862595,5039.54869754112,47.549,7.539,0.089901370457273,"Sub-Saharan Africa","Abuja",7.48906,9.05804,"Lower middle income","Blend"
"Nigeria","NGA",2002,NA,"2026-07-13",133471989,5654.89706044216,48.02,7.219,0.320461975542327,"Sub-Saharan Africa","Abuja",7.48906,9.05804,"Lower middle income","Blend"
"Nigeria","NGA",2003,NA,"2026-07-13",137202644,5905.31482781101,48.618,7.233,0.558576244860521,"Sub-Saharan Africa","Abuja",7.48906,9.05804,"Lower middle income","Blend"
"Nigeria","NGA",2004,NA,"2026-07-13",141057045,6275.29894506434,49.148,7.228,1.28613764134527,"Sub-Saharan Africa","Abuja",7.48906,9.05804,"Lower middle income","Blend"
"Nigeria","NGA",2005,NA,"2026-07-13",145017253,6496.93228175977,49.538,7.538,3.54915571796492,"Sub-Saharan Africa","Abuja",7.48906,9.05804,"Lower middle income","Blend"
"Nigeria","NGA",2006,NA,"2026-07-13",149077334,6702.94533333874,49.876,7.687,5.54503608300536,"Sub-Saharan Africa","Abuja",7.48906,9.05804,"Lower middle income","Blend"
"Nigeria","NGA",2007,NA,"2026-07-13",153267261,6949.42650711567,50.381,7.859,6.769999981,"Sub-Saharan Africa","Abuja",7.48906,9.05804,"Lower middle income","Blend"
"Nigeria","NGA",2008,NA,"2026-07-13",157595014,7215.76946195762,50.748,7.921,8,"Sub-Saharan Africa","Abuja",7.48906,9.05804,"Lower middle income","Blend"
"Nigeria","NGA",2009,NA,"2026-07-13",162049464,7581.40572089092,51.08,7.836,9.300000191,"Sub-Saharan Africa","Abuja",7.48906,9.05804,"Lower middle income","Blend"
"Nigeria","NGA",2010,NA,"2026-07-13",166642886,7962.63957281031,51.315,7.861,11.5,"Sub-Saharan Africa","Abuja",7.48906,9.05804,"Lower middle income","Blend"
"Nigeria","NGA",2011,NA,"2026-07-13",171379598,8153.53178650271,51.49,7.896,13.80000019,"Sub-Saharan Africa","Abuja",7.48906,9.05804,"Lower middle income","Blend"
"Nigeria","NGA",2012,NA,"2026-07-13",176200625,8265.90551181051,51.688,7.861,16.10000038,"Sub-Saharan Africa","Abuja",7.48906,9.05804,"Lower middle income","Blend"
"Nigeria","NGA",2013,NA,"2026-07-13",181049443,8581.20782264031,51.827,7.713,19.10000038,"Sub-Saharan Africa","Abuja",7.48906,9.05804,"Lower middle income","Blend"
"Nigeria","NGA",2014,NA,"2026-07-13",185896915,8884.77428628672,51.94,8.044,21,"Sub-Saharan Africa","Abuja",7.48906,9.05804,"Lower middle income","Blend"
"Nigeria","NGA",2015,NA,"2026-07-13",190671878,8892.05798673631,51.939,8.457,22.51420021,"Sub-Saharan Africa","Abuja",7.48906,9.05804,"Lower middle income","Blend"
"Nigeria","NGA",2016,NA,"2026-07-13",195443700,8534.69281482375,52.189,9.1,24.13750076,"Sub-Saharan Africa","Abuja",7.48906,9.05804,"Lower middle income","Blend"
"Nigeria","NGA",2017,NA,"2026-07-13",200254579,8396.78452243227,52.397,9.707,25.87789917,"Sub-Saharan Africa","Abuja",7.48906,9.05804,"Lower middle income","Blend"
"Nigeria","NGA",2018,NA,"2026-07-13",204938755,8362.62330860296,52.669,10.138,27.74370003,"Sub-Saharan Africa","Abuja",7.48906,9.05804,"Lower middle income","Blend"
"Nigeria","NGA",2019,NA,"2026-07-13",209485641,8361.78664836,53.009,10.418,29.74410057,"Sub-Saharan Africa","Abuja",7.48906,9.05804,"Lower middle income","Blend"
"Nigeria","NGA",2020,NA,"2026-07-13",213996181,7664.21099575168,53.072,10.842,31.88879967,"Sub-Saharan Africa","Abuja",7.48906,9.05804,"Lower middle income","Blend"
"South Africa","ZAF",2000,NA,"2026-07-13",47159719,11183.825503143,58.368,43.185,5.34855973203537,"Sub-Saharan Africa","Pretoria",28.1871,-25.746,"Upper middle income","IBRD"
"South Africa","ZAF",2001,NA,"2026-07-13",47566800,11387.492366782,57.161,43.21,6.34661931839768,"Sub-Saharan Africa","Pretoria",28.1871,-25.746,"Upper middle income","IBRD"
"South Africa","ZAF",2002,NA,"2026-07-13",48019415,11697.5657261687,55.58,43.35,6.71032243705404,"Sub-Saharan Africa","Pretoria",28.1871,-25.746,"Upper middle income","IBRD"
"South Africa","ZAF",2003,NA,"2026-07-13",48500348,11923.1211013633,54.245,43.796,7.00769172611251,"Sub-Saharan Africa","Pretoria",28.1871,-25.746,"Upper middle income","IBRD"
"South Africa","ZAF",2004,NA,"2026-07-13",48991421,12341.2102655828,53.963,43.863,8.4251186825406,"Sub-Saharan Africa","Pretoria",28.1871,-25.746,"Upper middle income","IBRD"
"South Africa","ZAF",2005,NA,"2026-07-13",49490033,12861.5633089114,53.914,43.93,7.48854252992921,"Sub-Saharan Africa","Pretoria",28.1871,-25.746,"Upper middle income","IBRD"
"South Africa","ZAF",2006,NA,"2026-07-13",49998277,13444.2332126058,54.22,43.868,7.60713967477381,"Sub-Saharan Africa","Pretoria",28.1871,-25.746,"Upper middle income","IBRD"
"South Africa","ZAF",2007,NA,"2026-07-13",50528584,14016.2444716386,54.948,44.044,8.06537517355504,"Sub-Saharan Africa","Pretoria",28.1871,-25.746,"Upper middle income","IBRD"
"South Africa","ZAF",2008,NA,"2026-07-13",51114599,14297.6887802632,55.982,44.577,8.43,"Sub-Saharan Africa","Pretoria",28.1871,-25.746,"Upper middle income","IBRD"
"South Africa","ZAF",2009,NA,"2026-07-13",51728516,13910.7017093394,57.413,47.473,10,"Sub-Saharan Africa","Pretoria",28.1871,-25.746,"Upper middle income","IBRD"
"South Africa","ZAF",2010,NA,"2026-07-13",52344051,14164.9958363115,58.886,50.451,24,"Sub-Saharan Africa","Pretoria",28.1871,-25.746,"Upper middle income","IBRD"
"South Africa","ZAF",2011,NA,"2026-07-13",52995205,14434.2611456048,60.602,49.745,33.97,"Sub-Saharan Africa","Pretoria",28.1871,-25.746,"Upper middle income","IBRD"
"South Africa","ZAF",2012,NA,"2026-07-13",53782567,14563.7624041032,61.737,51.322,41,"Sub-Saharan Africa","Pretoria",28.1871,-25.746,"Upper middle income","IBRD"
"South Africa","ZAF",2013,NA,"2026-07-13",54678791,14681.096638957,62.388,51.205,46.5,"Sub-Saharan Africa","Pretoria",28.1871,-25.746,"Upper middle income","IBRD"
"South Africa","ZAF",2014,NA,"2026-07-13",55594838,14643.3384782936,63.184,51.194,49,"Sub-Saharan Africa","Pretoria",28.1871,-25.746,"Upper middle income","IBRD"
"South Africa","ZAF",2015,NA,"2026-07-13",56723537,14541.6748613669,64.053,50.115,51.91910172,"Sub-Saharan Africa","Pretoria",28.1871,-25.746,"Upper middle income","IBRD"
"South Africa","ZAF",2016,NA,"2026-07-13",57259551,14501.2807823402,64.749,53.452,54,"Sub-Saharan Africa","Pretoria",28.1871,-25.746,"Upper middle income","IBRD"
"South Africa","ZAF",2017,NA,"2026-07-13",57635162,14573.5980840004,65.422,53.396,56.16740036,"Sub-Saharan Africa","Pretoria",28.1871,-25.746,"Upper middle income","IBRD"
"South Africa","ZAF",2018,NA,"2026-07-13",58613001,14553.5615668957,65.726,53.634,62.40000153,"Sub-Saharan Africa","Pretoria",28.1871,-25.746,"Upper middle income","IBRD"
"South Africa","ZAF",2019,NA,"2026-07-13",59587885,14352.6698709871,66.071,57.317,69.69689941,"Sub-Saharan Africa","Pretoria",28.1871,-25.746,"Upper middle income","IBRD"
"South Africa","ZAF",2020,NA,"2026-07-13",60562381,13250.5666594456,65.15,59.607,72.1128006,"Sub-Saharan Africa","Pretoria",28.1871,-25.746,"Upper middle income","IBRD"
"Tunisia","TUN",2000,NA,"2026-07-13",9764935,9134.41506327005,72.604,30.729,2.75074029298135,"Middle East, North Africa, Afghanistan & Pakistan","Tunis",10.21,36.7899,"Lower middle income","IBRD"
"Tunisia","TUN",2001,NA,"2026-07-13",9869677,9380.56317617024,72.822,29.889,4.29796603474685,"Middle East, North Africa, Afghanistan & Pakistan","Tunis",10.21,36.7899,"Lower middle income","IBRD"
"Tunisia","TUN",2002,NA,"2026-07-13",9971515,9407.55676671593,73.07,30.395,5.25288729548421,"Middle East, North Africa, Afghanistan & Pakistan","Tunis",10.21,36.7899,"Lower middle income","IBRD"
"Tunisia","TUN",2003,NA,"2026-07-13",10071632,9752.02442335824,73.304,30.664,6.49084579532797,"Middle East, North Africa, Afghanistan & Pakistan","Tunis",10.21,36.7899,"Lower middle income","IBRD"
"Tunisia","TUN",2004,NA,"2026-07-13",10166163,10263.8055422408,73.519,30.533,8.52881775162591,"Middle East, North Africa, Afghanistan & Pakistan","Tunis",10.21,36.7899,"Lower middle income","IBRD"
"Tunisia","TUN",2005,NA,"2026-07-13",10255472,10529.1598956845,73.712,28.103,9.655099869,"Middle East, North Africa, Afghanistan & Pakistan","Tunis",10.21,36.7899,"Lower middle income","IBRD"
"Tunisia","TUN",2006,NA,"2026-07-13",10346410,10983.9221903991,73.888,27.913,12.98639965,"Middle East, North Africa, Afghanistan & Pakistan","Tunis",10.21,36.7899,"Lower middle income","IBRD"
"Tunisia","TUN",2007,NA,"2026-07-13",10441702,11613.9247511428,74.039,28.143,17.1,"Middle East, North Africa, Afghanistan & Pakistan","Tunis",10.21,36.7899,"Lower middle income","IBRD"
"Tunisia","TUN",2008,NA,"2026-07-13",10542635,11990.1962371716,74.192,28.66,27.53,"Middle East, North Africa, Afghanistan & Pakistan","Tunis",10.21,36.7899,"Lower middle income","IBRD"
"Tunisia","TUN",2009,NA,"2026-07-13",10650681,12229.7752536693,74.32,31.153,34.07,"Middle East, North Africa, Afghanistan & Pakistan","Tunis",10.21,36.7899,"Lower middle income","IBRD"
"Tunisia","TUN",2010,NA,"2026-07-13",10765980,12458.2710366551,74.438,29.573,36.8,"Middle East, North Africa, Afghanistan & Pakistan","Tunis",10.21,36.7899,"Lower middle income","IBRD"
"Tunisia","TUN",2011,NA,"2026-07-13",10886035,12068.7136257667,74.471,42.639,39.1,"Middle East, North Africa, Afghanistan & Pakistan","Tunis",10.21,36.7899,"Lower middle income","IBRD"
"Tunisia","TUN",2012,NA,"2026-07-13",11009647,12436.3958115735,74.599,38.444,41.4416008,"Middle East, North Africa, Afghanistan & Pakistan","Tunis",10.21,36.7899,"Lower middle income","IBRD"
"Tunisia","TUN",2013,NA,"2026-07-13",11141361,12587.9950645596,74.674,34.828,43.79999924,"Middle East, North Africa, Afghanistan & Pakistan","Tunis",10.21,36.7899,"Lower middle income","IBRD"
"Tunisia","TUN",2014,NA,"2026-07-13",11274288,12824.0028914441,74.784,36.912,46.15999985,"Middle East, North Africa, Afghanistan & Pakistan","Tunis",10.21,36.7899,"Lower middle income","IBRD"
"Tunisia","TUN",2015,NA,"2026-07-13",11402264,12802.7917211433,74.875,34.967,46.4999943435776,"Middle East, North Africa, Afghanistan & Pakistan","Tunis",10.21,36.7899,"Lower middle income","IBRD"
"Tunisia","TUN",2016,NA,"2026-07-13",11528674,12803.8797371543,75.007,35.119,49.5999948415756,"Middle East, North Africa, Afghanistan & Pakistan","Tunis",10.21,36.7899,"Lower middle income","IBRD"
"Tunisia","TUN",2017,NA,"2026-07-13",11650498,12955.4014814241,75.177,35.315,55.5001550633671,"Middle East, North Africa, Afghanistan & Pakistan","Tunis",10.21,36.7899,"Lower middle income","IBRD"
"Tunisia","TUN",2018,NA,"2026-07-13",11765514,13163.1952230357,75.37,34.877,64.1908102327387,"Middle East, North Africa, Afghanistan & Pakistan","Tunis",10.21,36.7899,"Lower middle income","IBRD"
"Tunisia","TUN",2019,NA,"2026-07-13",11875081,13243.9024233246,75.599,37.867,66.6999983024144,"Middle East, North Africa, Afghanistan & Pakistan","Tunis",10.21,36.7899,"Lower middle income","IBRD"
"Tunisia","TUN",2020,NA,"2026-07-13",11974057,11955.5983698479,75.004,41.242,68.55639648,"Middle East, North Africa, Afghanistan & Pakistan","Tunis",10.21,36.7899,"Lower middle income","IBRD"
"Turkiye","TUR",2000,NA,"2026-07-13",65425961,14856.914625257,71.931,12.944,3.761685035075,"Europe & Central Asia","Ankara",32.3606,39.7153,"Upper middle income","IBRD"
"Turkiye","TUR",2001,NA,"2026-07-13",66245128,13872.1287284566,72.271,16.048,5.18948146078506,"Europe & Central Asia","Ankara",32.3606,39.7153,"Upper middle income","IBRD"
"Turkiye","TUR",2002,NA,"2026-07-13",67048795,14587.894621656,72.605,18.944,11.38,"Europe & Central Asia","Ankara",32.3606,39.7153,"Upper middle income","IBRD"
"Turkiye","TUR",2003,NA,"2026-07-13",67831730,15255.7177960689,72.906,20.253,12.33,"Europe & Central Asia","Ankara",32.3606,39.7153,"Upper middle income","IBRD"
"Turkiye","TUR",2004,NA,"2026-07-13",68592617,16583.8837094062,73.223,20.333,14.58,"Europe & Central Asia","Ankara",32.3606,39.7153,"Upper middle income","IBRD"
"Turkiye","TUR",2005,NA,"2026-07-13",69329557,17902.5966004487,73.51,19.685,15.46,"Europe & Central Asia","Ankara",32.3606,39.7153,"Upper middle income","IBRD"
"Turkiye","TUR",2006,NA,"2026-07-13",70045349,18972.0089563632,73.804,18.89,18.24,"Europe & Central Asia","Ankara",32.3606,39.7153,"Upper middle income","IBRD"
"Turkiye","TUR",2007,NA,"2026-07-13",70158112,19909.083519675,74.129,19.807,28.63,"Europe & Central Asia","Ankara",32.3606,39.7153,"Upper middle income","IBRD"
"Turkiye","TUR",2008,NA,"2026-07-13",71051678,19839.5845462269,74.38,20.304,34.37,"Europe & Central Asia","Ankara",32.3606,39.7153,"Upper middle income","IBRD"
"Turkiye","TUR",2009,NA,"2026-07-13",72039206,18612.1925231905,74.679,25.093,36.4,"Europe & Central Asia","Ankara",32.3606,39.7153,"Upper middle income","IBRD"
"Turkiye","TUR",2010,NA,"2026-07-13",73142150,19897.4464836887,74.964,21.578,39.82,"Europe & Central Asia","Ankara",32.3606,39.7153,"Upper middle income","IBRD"
"Turkiye","TUR",2011,NA,"2026-07-13",74223629,21760.4291923634,74.823,18.208,43.065710430925,"Europe & Central Asia","Ankara",32.3606,39.7153,"Upper middle income","IBRD"
"Turkiye","TUR",2012,NA,"2026-07-13",75175827,22517.7148287875,75.552,17.342,45.13,"Europe & Central Asia","Ankara",32.3606,39.7153,"Upper middle income","IBRD"
"Turkiye","TUR",2013,NA,"2026-07-13",76147624,24117.3121099839,76.171,18.442,46.25,"Europe & Central Asia","Ankara",32.3606,39.7153,"Upper middle income","IBRD"
"Turkiye","TUR",2014,NA,"2026-07-13",77181884,24888.8521742576,76.452,17.698,51.0373665521645,"Europe & Central Asia","Ankara",32.3606,39.7153,"Upper middle income","IBRD"
"Turkiye","TUR",2015,NA,"2026-07-13",78218479,25984.8027306177,76.539,18.299,53.7449791423583,"Europe & Central Asia","Ankara",32.3606,39.7153,"Upper middle income","IBRD"
"Turkiye","TUR",2016,NA,"2026-07-13",79277962,26489.6436816046,76.595,19.369,58.3477340145685,"Europe & Central Asia","Ankara",32.3606,39.7153,"Upper middle income","IBRD"
"Turkiye","TUR",2017,NA,"2026-07-13",80312698,28194.688309381,77.037,20.469,64.6846176835371,"Europe & Central Asia","Ankara",32.3606,39.7153,"Upper middle income","IBRD"
"Turkiye","TUR",2018,NA,"2026-07-13",81407204,28780.3036458151,77.454,20.011,71.0427608433809,"Europe & Central Asia","Ankara",32.3606,39.7153,"Upper middle income","IBRD"
"Turkiye","TUR",2019,NA,"2026-07-13",82579440,28741.0535082701,77.737,25.039,73.9767022871511,"Europe & Central Asia","Ankara",32.3606,39.7153,"Upper middle income","IBRD"
"Turkiye","TUR",2020,NA,"2026-07-13",83384680,28976.7179161611,76.525,24.919,77.6695605,"Europe & Central Asia","Ankara",32.3606,39.7153,"Upper middle income","IBRD"
"United Kingdom","GBR",2000,NA,"2026-07-13",58892514,43818.3463079443,77.7414634146342,11.874,26.8217543508578,"Europe & Central Asia","London",-0.126236,51.5002,"High income","Not classified"
"United Kingdom","GBR",2001,NA,"2026-07-13",59119673,44693.6612621755,77.9926829268293,10.191,33.4810948744147,"Europe & Central Asia","London",-0.126236,51.5002,"High income","Not classified"
"United Kingdom","GBR",2002,NA,"2026-07-13",59370479,45265.4565169944,78.1439024390244,10.779,56.48,"Europe & Central Asia","London",-0.126236,51.5002,"High income","Not classified"
"United Kingdom","GBR",2003,NA,"2026-07-13",59647577,46505.2798806788,78.4463414634146,11.236,64.82,"Europe & Central Asia","London",-0.126236,51.5002,"High income","Not classified"
"United Kingdom","GBR",2004,NA,"2026-07-13",59987905,47317.027070979,78.7463414634146,10.618,65.61,"Europe & Central Asia","London",-0.126236,51.5002,"High income","Not classified"
"United Kingdom","GBR",2005,NA,"2026-07-13",60401206,48304.6753205932,79.0487804878049,13.053,70,"Europe & Central Asia","London",-0.126236,51.5002,"High income","Not classified"
"United Kingdom","GBR",2006,NA,"2026-07-13",60846820,49000.9535382241,79.2487804878049,14.233,68.82,"Europe & Central Asia","London",-0.126236,51.5002,"High income","Not classified"
"United Kingdom","GBR",2007,NA,"2026-07-13",61322463,50045.9163092519,79.4487804878049,14.611,75.09,"Europe & Central Asia","London",-0.126236,51.5002,"High income","Not classified"
"United Kingdom","GBR",2008,NA,"2026-07-13",61806995,49629.0498697349,79.6,15.352,78.39,"Europe & Central Asia","London",-0.126236,51.5002,"High income","Not classified"
"United Kingdom","GBR",2009,NA,"2026-07-13",62276270,46995.5449961945,80.0512195121951,19.479,83.56,"Europe & Central Asia","London",-0.126236,51.5002,"High income","Not classified"
"United Kingdom","GBR",2010,NA,"2026-07-13",62766365,47682.6525150443,80.4024390243902,20.328,85,"Europe & Central Asia","London",-0.126236,51.5002,"High income","Not classified"
"United Kingdom","GBR",2011,NA,"2026-07-13",63258810,47714.2894262827,80.9512195121951,21.689,85.3799985496322,"Europe & Central Asia","London",-0.126236,51.5002,"High income","Not classified"
"United Kingdom","GBR",2012,NA,"2026-07-13",63711000,48099.6594401942,80.9048780487805,22.106,87.4799984242111,"Europe & Central Asia","London",-0.126236,51.5002,"High income","Not classified"
"United Kingdom","GBR",2013,NA,"2026-07-13",64138000,48600.5100807266,81.0048780487805,20.944,89.8441,"Europe & Central Asia","London",-0.126236,51.5002,"High income","Not classified"
"United Kingdom","GBR",2014,NA,"2026-07-13",64619000,49763.17387988,81.3048780487805,17.512,91.6133009176453,"Europe & Central Asia","London",-0.126236,51.5002,"High income","Not classified"
"United Kingdom","GBR",2015,NA,"2026-07-13",65087000,50462.8329992477,80.9560975609756,15.177,92.0002998740234,"Europe & Central Asia","London",-0.126236,51.5002,"High income","Not classified"
"United Kingdom","GBR",2016,NA,"2026-07-13",65606000,51168.2925796814,81.1560975609756,13.205,94.7758006318882,"Europe & Central Asia","London",-0.126236,51.5002,"High income","Not classified"
"United Kingdom","GBR",2017,NA,"2026-07-13",65964000,52429.1275538988,81.2560975609756,12.519,90.4245504868553,"Europe & Central Asia","London",-0.126236,51.5002,"High income","Not classified"
"United Kingdom","GBR",2018,NA,"2026-07-13",66287000,52983.039541197,81.2560975609756,11.647,90.692008988783,"Europe & Central Asia","London",-0.126236,51.5002,"High income","Not classified"
"United Kingdom","GBR",2019,NA,"2026-07-13",66628000,53374.0927628482,81.3691219512195,10.688,92.5166285497138,"Europe & Central Asia","London",-0.126236,51.5002,"High income","Not classified"
"United Kingdom","GBR",2020,NA,"2026-07-13",66740000,47930.5490378931,80.331756097561,13.365,94.81820132,"Europe & Central Asia","London",-0.126236,51.5002,"High income","Not classified"
"United States","USA",2000,NA,"2026-07-13",282162411,55045.6745311559,76.6365853658537,9.278,43.0791626375201,"North America","Washington D.C.",-77.032,38.8895,"High income","Not classified"
"United States","USA",2001,NA,"2026-07-13",284968955,55024.3542766281,76.8365853658537,10.492,49.0808315896951,"North America","Washington D.C.",-77.032,38.8895,"High income","Not classified"
"United States","USA",2002,NA,"2026-07-13",287625193,55443.2199435683,76.9365853658537,11.935,58.7854038836952,"North America","Washington D.C.",-77.032,38.8895,"High income","Not classified"
"United States","USA",2003,NA,"2026-07-13",290107933,56505.4468784112,77.0365853658537,12.362,61.6971171244207,"North America","Washington D.C.",-77.032,38.8895,"High income","Not classified"
"United States","USA",2004,NA,"2026-07-13",292805298,58139.0820195229,77.4878048780488,11.791,64.7582564759896,"North America","Washington D.C.",-77.032,38.8895,"High income","Not classified"
"United States","USA",2005,NA,"2026-07-13",295516599,59612.3907215559,77.4878048780488,11.24,67.9681015,"North America","Washington D.C.",-77.032,38.8895,"High income","Not classified"
"United States","USA",2006,NA,"2026-07-13",298379912,60684.3399832539,77.6878048780488,10.43,68.93119812,"North America","Washington D.C.",-77.032,38.8895,"High income","Not classified"
"United States","USA",2007,NA,"2026-07-13",301231207,61314.4520816367,77.9878048780488,10.472,75,"North America","Washington D.C.",-77.032,38.8895,"High income","Not classified"
"United States","USA",2008,NA,"2026-07-13",304093966,60806.2238713713,78.0390243902439,12.76,74,"North America","Washington D.C.",-77.032,38.8895,"High income","Not classified"
"United States","USA",2009,NA,"2026-07-13",306771529,58722.496767251,78.390243902439,17.517,71,"North America","Washington D.C.",-77.032,38.8895,"High income","Not classified"
"United States","USA",2010,NA,"2026-07-13",309378227,59797.0736545937,78.5414634146342,18.361,71.69,"North America","Washington D.C.",-77.032,38.8895,"High income","Not classified"
"United States","USA",2011,NA,"2026-07-13",311839461,60253.2035796719,78.6414634146341,17.272,69.7294607619268,"North America","Washington D.C.",-77.032,38.8895,"High income","Not classified"
"United States","USA",2012,NA,"2026-07-13",314339099,61142.3637034265,78.7414634146342,16.211,74.7,"North America","Washington D.C.",-77.032,38.8895,"High income","Not classified"
"United States","USA",2013,NA,"2026-07-13",316726282,61966.6621370894,78.7414634146342,15.558,71.4,"North America","Washington D.C.",-77.032,38.8895,"High income","Not classified"
"United States","USA",2014,NA,"2026-07-13",319257560,63026.8779187814,78.8414634146341,13.411,73,"North America","Washington D.C.",-77.032,38.8895,"High income","Not classified"
"United States","USA",2015,NA,"2026-07-13",321815121,64367.7188912582,78.690243902439,11.634,74.5542024462761,"North America","Washington D.C.",-77.032,38.8895,"High income","Not classified"
"United States","USA",2016,NA,"2026-07-13",324353340,65025.9855980616,78.5390243902439,10.432,85.5444212887222,"North America","Washington D.C.",-77.032,38.8895,"High income","Not classified"
"United States","USA",2017,NA,"2026-07-13",326608609,66164.0320014289,78.5390243902439,9.238,87.2748891687657,"North America","Washington D.C.",-77.032,38.8895,"High income","Not classified"
"United States","USA",2018,NA,"2026-07-13",328529577,67728.4424921024,78.6390243902439,8.607,88.498903165152,"North America","Washington D.C.",-77.032,38.8895,"High income","Not classified"
"United States","USA",2019,NA,"2026-07-13",330226227,69121.4580016741,78.7878048780488,8.375,89.4302848575712,"North America","Washington D.C.",-77.032,38.8895,"High income","Not classified"
"United States","USA",2020,NA,"2026-07-13",331578104,67406.8311325507,76.9804878048781,14.891,90.34470367,"North America","Washington D.C.",-77.032,38.8895,"High income","Not classified"
"Viet Nam","VNM",2000,NA,"2026-07-13",77154011,4349.22348751462,72.746,4.732,0.254248275754934,"East Asia & Pacific","Hanoi",105.825,21.0069,"Lower middle income","IBRD"
"Viet Nam","VNM",2001,NA,"2026-07-13",77969361,4570.26846577385,72.984,5.592,1.26565123612317,"East Asia & Pacific","Hanoi",105.825,21.0069,"Lower middle income","IBRD"
"Viet Nam","VNM",2002,NA,"2026-07-13",78772224,4809.62151118535,73.138,4.418,1.85499923592581,"East Asia & Pacific","Hanoi",105.825,21.0069,"Lower middle income","IBRD"
"Viet Nam","VNM",2003,NA,"2026-07-13",79563777,5090.28990869885,73.236,4.718,3.78028081370641,"East Asia & Pacific","Hanoi",105.825,21.0069,"Lower middle income","IBRD"
"Viet Nam","VNM",2004,NA,"2026-07-13",80338971,5421.09702829121,73.062,4.57,7.64240852842363,"East Asia & Pacific","Hanoi",105.825,21.0069,"Lower middle income","IBRD"
"Viet Nam","VNM",2005,NA,"2026-07-13",81088313,5776.36304451268,73.198,4.963,12.7399292907031,"East Asia & Pacific","Hanoi",105.825,21.0069,"Lower middle income","IBRD"
"Viet Nam","VNM",2006,NA,"2026-07-13",82167897,6098.24495436514,73.293,5.401,17.2545617186662,"East Asia & Pacific","Hanoi",105.825,21.0069,"Lower middle income","IBRD"
"Viet Nam","VNM",2007,NA,"2026-07-13",83633375,6418.54381402878,73.385,5.885,20.7554447679753,"East Asia & Pacific","Hanoi",105.825,21.0069,"Lower middle income","IBRD"
"Viet Nam","VNM",2008,NA,"2026-07-13",85175788,6659.13561432065,73.455,5.184,23.92,"East Asia & Pacific","Hanoi",105.825,21.0069,"Lower middle income","IBRD"
"Viet Nam","VNM",2009,NA,"2026-07-13",86460018,6914.33863589545,73.525,4.433,26.55,"East Asia & Pacific","Hanoi",105.825,21.0069,"Lower middle income","IBRD"
"Viet Nam","VNM",2010,NA,"2026-07-13",87455152,7274.73310698016,73.611,3.432,30.65,"East Asia & Pacific","Hanoi",105.825,21.0069,"Lower middle income","IBRD"
"Viet Nam","VNM",2011,NA,"2026-07-13",88468314,7652.61895672271,73.713,3.226,35.07,"East Asia & Pacific","Hanoi",105.825,21.0069,"Lower middle income","IBRD"
"Viet Nam","VNM",2012,NA,"2026-07-13",89510356,7979.86828926858,73.762,3.63,36.79999924,"East Asia & Pacific","Hanoi",105.825,21.0069,"Lower middle income","IBRD"
"Viet Nam","VNM",2013,NA,"2026-07-13",90573104,8324.19871250047,73.821,4.559,38.5,"East Asia & Pacific","Hanoi",105.825,21.0069,"Lower middle income","IBRD"
"Viet Nam","VNM",2014,NA,"2026-07-13",91679578,8751.88280634375,73.886,4.666,41,"East Asia & Pacific","Hanoi",105.825,21.0069,"Lower middle income","IBRD"
"Viet Nam","VNM",2015,NA,"2026-07-13",92823254,9248.02396069622,73.955,6.267,45,"East Asia & Pacific","Hanoi",105.825,21.0069,"Lower middle income","IBRD"
"Viet Nam","VNM",2016,NA,"2026-07-13",94000117,9743.1882231455,73.984,6.763,53,"East Asia & Pacific","Hanoi",105.825,21.0069,"Lower middle income","IBRD"
"Viet Nam","VNM",2017,NA,"2026-07-13",95176977,10290.5487142244,74.026,7.124,58.1400000036297,"East Asia & Pacific","Hanoi",105.825,21.0069,"Lower middle income","IBRD"
"Viet Nam","VNM",2018,NA,"2026-07-13",96237319,10936.8937859558,74.1,4.648,69.8479286837965,"East Asia & Pacific","Hanoi",105.825,21.0069,"Lower middle income","IBRD"
"Viet Nam","VNM",2019,NA,"2026-07-13",97173776,11628.6139147451,74.211,5.624,68.6615802057338,"East Asia & Pacific","Hanoi",105.825,21.0069,"Lower middle income","IBRD"
"Viet Nam","VNM",2020,NA,"2026-07-13",98079191,11851.3965685649,75.383,6.546,70.30000012,"East Asia & Pacific","Hanoi",105.825,21.0069,"Lower middle income","IBRD"
